"id","user_id","enabled","expires"
"33057f87-d49d-4934-b700-751e34708713","d900b685-05d9-4e5b-9218-5d2d4732357f","2021-11-20 21:49:13.227092","2022-06-05 00:30:34.227110"
"ed087d7d-9d32-4a2b-92eb-68e5aad5823a","f9332328-9b98-437e-9602-ae2bf3cdac56","2021-11-25 11:18:17.227135","2022-06-28 21:47:28.227142"
"fbb17671-2f03-4f41-a5a0-742abf17869e","ee8a13ec-18af-49e4-8ffc-842774f8652f","2021-10-22 03:52:33.227158","2022-05-23 11:45:10.227163"
"0c2071eb-ea32-4d6b-83f0-956712724020","58d2d805-ae95-4e34-934f-052d2e32eba0","2021-10-23 22:35:06.227184","2022-07-26 11:11:18.227190"
"ad775689-6098-4bec-9aff-0f4fd558383f","05c03bfd-6b7d-4348-8bcd-5aeb5572da32","2021-10-20 19:02:26.227211","2022-06-15 14:02:22.227217"
"4e6759ca-98c6-4df3-8456-af77067a021e","35bbce09-2f07-4dbe-8323-a3317612a099","2021-11-18 12:52:05.227480","2022-05-31 07:27:16.227494"
"e81ede72-cf72-4cfd-b428-835a8b005f70","a16be771-4800-4a84-8155-fc0a330e9be6","2021-11-05 03:09:36.227522","2022-06-20 20:27:22.227528"
"316df04c-4ab7-46f9-b171-48d5299c4577","dc6d7e90-aa44-4065-9030-58bc4c40429b","2021-11-24 06:09:32.227548","2022-07-17 22:13:38.227554"
"b50188b0-90fa-4756-8993-bcc9abc4f9f8","d900b685-05d9-4e5b-9218-5d2d4732357f","2021-11-29 02:32:21.227572","2022-06-27 20:00:35.227578"
"0d8cb474-00b6-4ad9-82ca-9f7f6327afac","a16be771-4800-4a84-8155-fc0a330e9be6","2021-10-15 22:30:44.227595","2022-06-25 08:54:00.227601"
"b5d2764c-a91c-4b91-aad5-fa0f25bd5db9","dc6d7e90-aa44-4065-9030-58bc4c40429b","2021-10-21 06:31:21.227616","2022-08-05 03:01:36.227621"
